name,category,link
current-events_0,current-events,https://plus.unsplash.com/premium_vector-1712927374300-cae73c90c0fc?fm=jpg&q=60&w=3000&ixlib=rb-4.0.3
current-events_1,current-events,https://plus.unsplash.com/premium_vector-1728309903389-34afa2833c9d?fm=jpg&q=60&w=3000&ixlib=rb-4.0.3
current-events_2,current-events,https://plus.unsplash.com/premium_vector-1718791232666-f22f58c74bc6?fm=jpg&q=60&w=3000&ixlib=rb-4.0.3
current-events_3,current-events,https://plus.unsplash.com/premium_vector-1718401354708-94a9190cbe17?fm=jpg&q=60&w=3000&ixlib=rb-4.0.3
current-events_4,current-events,https://plus.unsplash.com/premium_vector-1712927374300-cae73c90c0fc?fm=jpg&q=60&w=3000&ixlib=rb-4.0.3
current-events_5,current-events,https://plus.unsplash.com/premium_vector-1728309903389-34afa2833c9d?fm=jpg&q=60&w=3000&ixlib=rb-4.0.3
current-events_6,current-events,https://plus.unsplash.com/premium_vector-1718791232666-f22f58c74bc6?fm=jpg&q=60&w=3000&ixlib=rb-4.0.3
current-events_7,current-events,https://plus.unsplash.com/premium_vector-1718401354708-94a9190cbe17?fm=jpg&q=60&w=3000&ixlib=rb-4.0.3
A cross stitch pattern of a heart with a ribbon,current-events,https://plus.unsplash.com/premium_vector-1729114713375-a4db0a70fe26?fm=jpg&q=60&w=3000&ixlib=rb-4.0.3&ixid=M3wxMjA3fDB8MHxpbGx1c3RyYXRpb25zLWZlZWR8MXx8fGVufDB8fHx8fA%3D%3D
A woman standing in front of a wall with writing on it,current-events,https://plus.unsplash.com/premium_vector-1725829041633-1c5a73260fce?fm=jpg&q=60&w=3000&ixlib=rb-4.0.3&ixid=M3wxMjA3fDB8MHxpbGx1c3RyYXRpb25zLWZlZWR8Mnx8fGVufDB8fHx8fA%3D%3D
A plate with a turkey on it surrounded by autumn leaves,current-events,https://plus.unsplash.com/premium_vector-1727427509016-1aff5a9de1db?fm=jpg&q=60&w=3000&ixlib=rb-4.0.3&ixid=M3wxMjA3fDB8MHxpbGx1c3RyYXRpb25zLWZlZWR8M3x8fGVufDB8fHx8fA%3D%3D
A christmas ornament with a tag hanging from it,current-events,https://plus.unsplash.com/premium_vector-1732661166338-068b89a8b099?fm=jpg&q=60&w=3000&ixlib=rb-4.0.3&ixid=M3wxMjA3fDB8MHxpbGx1c3RyYXRpb25zLWZlZWR8NHx8fGVufDB8fHx8fA%3D%3D
A piece of cake with fruit on top of it,current-events,https://plus.unsplash.com/premium_vector-1732020429417-a3bc64d3835b?fm=jpg&q=60&w=3000&ixlib=rb-4.0.3&ixid=M3wxMjA3fDB8MHxpbGx1c3RyYXRpb25zLWZlZWR8NXx8fGVufDB8fHx8fA%3D%3D
A group of hands reaching up towards the numbers 2013 and 2013,current-events,https://plus.unsplash.com/premium_vector-1732879991652-e7b2885ac270?fm=jpg&q=60&w=3000&ixlib=rb-4.0.3&ixid=M3wxMjA3fDB8MHxpbGx1c3RyYXRpb25zLWZlZWR8Nnx8fGVufDB8fHx8fA%3D%3D
A woman laying on the ground next to a glass of milk,current-events,https://plus.unsplash.com/premium_vector-1732460460832-870c3e60f8fe?fm=jpg&q=60&w=3000&ixlib=rb-4.0.3&ixid=M3wxMjA3fDB8MHxpbGx1c3RyYXRpb25zLWZlZWR8N3x8fGVufDB8fHx8fA%3D%3D
A woman sitting on a couch holding a cat,current-events,https://plus.unsplash.com/premium_vector-1732820665266-117c6317cb0f?fm=jpg&q=60&w=3000&ixlib=rb-4.0.3&ixid=M3wxMjA3fDB8MHxpbGx1c3RyYXRpb25zLWZlZWR8OHx8fGVufDB8fHx8fA%3D%3D
A group of butterflies sitting on top of each other,current-events,https://plus.unsplash.com/premium_vector-1732753958442-a1b3f5dee735?fm=jpg&q=60&w=3000&ixlib=rb-4.0.3&ixid=M3wxMjA3fDB8MHxpbGx1c3RyYXRpb25zLWZlZWR8OXx8fGVufDB8fHx8fA%3D%3D
A birthday card with a party hat,current-events,https://plus.unsplash.com/premium_vector-1732702728829-4ccbaad0464c?fm=jpg&q=60&w=3000&ixlib=rb-4.0.3&ixid=M3wxMjA3fDB8MHxpbGx1c3RyYXRpb25zLWZlZWR8MTB8fHxlbnwwfHx8fHw%3D
A thank you card with a hand holding a heart,current-events,https://plus.unsplash.com/premium_vector-1732460460902-4793cc64d380?fm=jpg&q=60&w=3000&ixlib=rb-4.0.3&ixid=M3wxMjA3fDB8MHxpbGx1c3RyYXRpb25zLWZlZWR8MTF8fHxlbnwwfHx8fHw%3D
"A cartoon of a man with a hamburger, hot dog, pretzel,",current-events,https://plus.unsplash.com/premium_vector-1732753446741-71f76ba3128a?fm=jpg&q=60&w=3000&ixlib=rb-4.0.3&ixid=M3wxMjA3fDB8MHxpbGx1c3RyYXRpb25zLWZlZWR8MTJ8fHxlbnwwfHx8fHw%3D
A drawing of a person climbing a ladder,current-events,https://plus.unsplash.com/premium_vector-1732460460848-6ca50e5f5bd7?fm=jpg&q=60&w=3000&ixlib=rb-4.0.3&ixid=M3wxMjA3fDB8MHxpbGx1c3RyYXRpb25zLWZlZWR8MTN8fHxlbnwwfHx8fHw%3D
A bird nest sitting on top of a tree branch,current-events,https://plus.unsplash.com/premium_vector-1732753446713-954b1a7385b4?fm=jpg&q=60&w=3000&ixlib=rb-4.0.3&ixid=M3wxMjA3fDB8MHxpbGx1c3RyYXRpb25zLWZlZWR8MTR8fHxlbnwwfHx8fHw%3D
A bird sitting on top of a tree branch,current-events,https://plus.unsplash.com/premium_vector-1732753446733-5a012753b4e7?fm=jpg&q=60&w=3000&ixlib=rb-4.0.3&ixid=M3wxMjA3fDB8MHxpbGx1c3RyYXRpb25zLWZlZWR8MTV8fHxlbnwwfHx8fHw%3D
A group of different shapes and sizes of cats,current-events,https://plus.unsplash.com/premium_vector-1731494615302-d99e186bae67?fm=jpg&q=60&w=3000&ixlib=rb-4.0.3&ixid=M3wxMjA3fDB8MHxpbGx1c3RyYXRpb25zLWZlZWR8MTZ8fHxlbnwwfHx8fHw%3D
A woman with a heart on her chest,current-events,https://plus.unsplash.com/premium_vector-1732514883019-617130bb31b4?fm=jpg&q=60&w=3000&ixlib=rb-4.0.3&ixid=M3wxMjA3fDB8MHxpbGx1c3RyYXRpb25zLWZlZWR8MTd8fHxlbnwwfHx8fHw%3D
